﻿Date,Geographic Role,Geographic,Rate
18-Feb,Country,United States,0
19-Feb,Country,United States,4
20-Feb,Country,United States,0
21-Feb,Country,United States,-1
22-Feb,Country,United States,2
23-Feb,Country,United States,6
24-Feb,Country,United States,2
25-Feb,Country,United States,2
26-Feb,Country,United States,-1
27-Feb,Country,United States,-1
28-Feb,Country,United States,1
29-Feb,Country,United States,3
1-Mar,Country,United States,2
2-Mar,Country,United States,-7
3-Mar,Country,United States,-9
4-Mar,Country,United States,-5
5-Mar,Country,United States,-5
6-Mar,Country,United States,-6
7-Mar,Country,United States,-3
8-Mar,Country,United States,-2
9-Mar,Country,United States,-14
10-Mar,Country,United States,-18
11-Mar,Country,United States,-19
12-Mar,Country,United States,-28
13-Mar,Country,United States,-36
14-Mar,Country,United States,-42
15-Mar,Country,United States,-48
16-Mar,Country,United States,-56
17-Mar,Country,United States,-84
18-Mar,Country,United States,-91
19-Mar,Country,United States,-98
20-Mar,Country,United States,-99
21-Mar,Country,United States,-100
22-Mar,Country,United States,-100
23-Mar,Country,United States,-100
24-Mar,Country,United States,-100
25-Mar,Country,United States,-100
26-Mar,Country,United States,-100
27-Mar,Country,United States,-100
28-Mar,Country,United States,-100
29-Mar,Country,United States,-100
30-Mar,Country,United States,-100
31-Mar,Country,United States,-100
1-Apr,Country,United States,-100
2-Apr,Country,United States,-100
3-Apr,Country,United States,-100
4-Apr,Country,United States,-100
5-Apr,Country,United States,-100
6-Apr,Country,United States,-100
7-Apr,Country,United States,-100
8-Apr,Country,United States,-100
9-Apr,Country,United States,-100
10-Apr,Country,United States,-100
11-Apr,Country,United States,-100
12-Apr,Country,United States,-100
13-Apr,Country,United States,-100
18-Feb,State,California,-2
19-Feb,State,California,2
20-Feb,State,California,5
21-Feb,State,California,0
22-Feb,State,California,-2
23-Feb,State,California,7
24-Feb,State,California,3
25-Feb,State,California,6
26-Feb,State,California,4
27-Feb,State,California,3
28-Feb,State,California,5
29-Feb,State,California,9
1-Mar,State,California,-3
2-Mar,State,California,-6
3-Mar,State,California,-4
4-Mar,State,California,-3
5-Mar,State,California,-10
6-Mar,State,California,-8
7-Mar,State,California,-5
8-Mar,State,California,-5
9-Mar,State,California,-18
10-Mar,State,California,-27
11-Mar,State,California,-23
12-Mar,State,California,-38
13-Mar,State,California,-42
14-Mar,State,California,-47
15-Mar,State,California,-55
16-Mar,State,California,-70
17-Mar,State,California,-96
18-Mar,State,California,-99
19-Mar,State,California,-100
20-Mar,State,California,-100
21-Mar,State,California,-100
22-Mar,State,California,-100
23-Mar,State,California,-100
24-Mar,State,California,-100
25-Mar,State,California,-100
26-Mar,State,California,-100
27-Mar,State,California,-100
28-Mar,State,California,-100
29-Mar,State,California,-100
30-Mar,State,California,-100
31-Mar,State,California,-100
1-Apr,State,California,-100
2-Apr,State,California,-100
3-Apr,State,California,-100
4-Apr,State,California,-100
5-Apr,State,California,-100
6-Apr,State,California,-100
7-Apr,State,California,-100
8-Apr,State,California,-100
9-Apr,State,California,-100
10-Apr,State,California,-100
11-Apr,State,California,-100
12-Apr,State,California,-100
13-Apr,State,California,-100
18-Feb,State,New York,-1
19-Feb,State,New York,11
20-Feb,State,New York,1
21-Feb,State,New York,-4
22-Feb,State,New York,1
23-Feb,State,New York,13
24-Feb,State,New York,6
25-Feb,State,New York,1
26-Feb,State,New York,-1
27-Feb,State,New York,-5
28-Feb,State,New York,-2
29-Feb,State,New York,-1
1-Mar,State,New York,0
2-Mar,State,New York,-7
3-Mar,State,New York,-11
4-Mar,State,New York,-9
5-Mar,State,New York,-8
6-Mar,State,New York,-14
7-Mar,State,New York,-10
8-Mar,State,New York,-2
9-Mar,State,New York,-15
10-Mar,State,New York,-27
11-Mar,State,New York,-32
12-Mar,State,New York,-49
13-Mar,State,New York,-54
14-Mar,State,New York,-36
15-Mar,State,New York,-47
16-Mar,State,New York,-58
17-Mar,State,New York,-88
18-Mar,State,New York,-100
19-Mar,State,New York,-100
20-Mar,State,New York,-100
21-Mar,State,New York,-100
22-Mar,State,New York,-100
23-Mar,State,New York,-100
24-Mar,State,New York,-100
25-Mar,State,New York,-100
26-Mar,State,New York,-100
27-Mar,State,New York,-100
28-Mar,State,New York,-100
29-Mar,State,New York,-100
30-Mar,State,New York,-100
31-Mar,State,New York,-100
1-Apr,State,New York,-100
2-Apr,State,New York,-100
3-Apr,State,New York,-100
4-Apr,State,New York,-100
5-Apr,State,New York,-100
6-Apr,State,New York,-100
7-Apr,State,New York,-100
8-Apr,State,New York,-100
9-Apr,State,New York,-100
10-Apr,State,New York,-100
11-Apr,State,New York,-100
12-Apr,State,New York,-100
13-Apr,State,New York,-100
18-Feb,City,San Francisco,-15
19-Feb,City,San Francisco,-11
20-Feb,City,San Francisco,-4
21-Feb,City,San Francisco,-8
22-Feb,City,San Francisco,-9
23-Feb,City,San Francisco,-9
24-Feb,City,San Francisco,9
25-Feb,City,San Francisco,16
26-Feb,City,San Francisco,12
27-Feb,City,San Francisco,5
28-Feb,City,San Francisco,-8
29-Feb,City,San Francisco,-10
1-Mar,City,San Francisco,-18
2-Mar,City,San Francisco,-22
3-Mar,City,San Francisco,-24
4-Mar,City,San Francisco,-24
5-Mar,City,San Francisco,-22
6-Mar,City,San Francisco,-18
7-Mar,City,San Francisco,-18
8-Mar,City,San Francisco,-26
9-Mar,City,San Francisco,-41
10-Mar,City,San Francisco,-43
11-Mar,City,San Francisco,-43
12-Mar,City,San Francisco,-51
13-Mar,City,San Francisco,-53
14-Mar,City,San Francisco,-58
15-Mar,City,San Francisco,-72
16-Mar,City,San Francisco,-80
17-Mar,City,San Francisco,-100
18-Mar,City,San Francisco,-100
19-Mar,City,San Francisco,-100
20-Mar,City,San Francisco,-100
21-Mar,City,San Francisco,-100
22-Mar,City,San Francisco,-100
23-Mar,City,San Francisco,-100
24-Mar,City,San Francisco,-100
25-Mar,City,San Francisco,-100
26-Mar,City,San Francisco,-100
27-Mar,City,San Francisco,-100
28-Mar,City,San Francisco,-100
29-Mar,City,San Francisco,-100
30-Mar,City,San Francisco,-100
31-Mar,City,San Francisco,-100
1-Apr,City,San Francisco,-100
2-Apr,City,San Francisco,-100
3-Apr,City,San Francisco,-100
4-Apr,City,San Francisco,-100
5-Apr,City,San Francisco,-100
6-Apr,City,San Francisco,-100
7-Apr,City,San Francisco,-100
8-Apr,City,San Francisco,-100
9-Apr,City,San Francisco,-100
10-Apr,City,San Francisco,-100
11-Apr,City,San Francisco,-100
12-Apr,City,San Francisco,-100
13-Apr,City,San Francisco,-100
18-Feb,City,Los Angeles,7
19-Feb,City,Los Angeles,6
20-Feb,City,Los Angeles,9
21-Feb,City,Los Angeles,1
22-Feb,City,Los Angeles,8
23-Feb,City,Los Angeles,29
24-Feb,City,Los Angeles,12
25-Feb,City,Los Angeles,15
26-Feb,City,Los Angeles,5
27-Feb,City,Los Angeles,0
28-Feb,City,Los Angeles,8
29-Feb,City,Los Angeles,13
1-Mar,City,Los Angeles,-3
2-Mar,City,Los Angeles,-1
3-Mar,City,Los Angeles,4
4-Mar,City,Los Angeles,7
5-Mar,City,Los Angeles,-5
6-Mar,City,Los Angeles,1
7-Mar,City,Los Angeles,-2
8-Mar,City,Los Angeles,-15
9-Mar,City,Los Angeles,-27
10-Mar,City,Los Angeles,-23
11-Mar,City,Los Angeles,-26
12-Mar,City,Los Angeles,-38
13-Mar,City,Los Angeles,-48
14-Mar,City,Los Angeles,-47
15-Mar,City,Los Angeles,-57
16-Mar,City,Los Angeles,-82
17-Mar,City,Los Angeles,-100
18-Mar,City,Los Angeles,-100
19-Mar,City,Los Angeles,-100
20-Mar,City,Los Angeles,-100
21-Mar,City,Los Angeles,-100
22-Mar,City,Los Angeles,-100
23-Mar,City,Los Angeles,-100
24-Mar,City,Los Angeles,-100
25-Mar,City,Los Angeles,-100
26-Mar,City,Los Angeles,-100
27-Mar,City,Los Angeles,-100
28-Mar,City,Los Angeles,-100
29-Mar,City,Los Angeles,-100
30-Mar,City,Los Angeles,-100
31-Mar,City,Los Angeles,-100
1-Apr,City,Los Angeles,-100
2-Apr,City,Los Angeles,-100
3-Apr,City,Los Angeles,-100
4-Apr,City,Los Angeles,-100
5-Apr,City,Los Angeles,-100
6-Apr,City,Los Angeles,-100
7-Apr,City,Los Angeles,-100
8-Apr,City,Los Angeles,-100
9-Apr,City,Los Angeles,-100
10-Apr,City,Los Angeles,-100
11-Apr,City,Los Angeles,-100
12-Apr,City,Los Angeles,-100
13-Apr,City,Los Angeles,-100
18-Feb,City,New York,1
19-Feb,City,New York,11
20-Feb,City,New York,3
21-Feb,City,New York,0
22-Feb,City,New York,3
23-Feb,City,New York,13
24-Feb,City,New York,7
25-Feb,City,New York,1
26-Feb,City,New York,1
27-Feb,City,New York,-2
28-Feb,City,New York,1
29-Feb,City,New York,-2
1-Mar,City,New York,-2
2-Mar,City,New York,-6
3-Mar,City,New York,-12
4-Mar,City,New York,-12
5-Mar,City,New York,-9
6-Mar,City,New York,-15
7-Mar,City,New York,-10
8-Mar,City,New York,-4
9-Mar,City,New York,-18
10-Mar,City,New York,-30
11-Mar,City,New York,-36
12-Mar,City,New York,-52
13-Mar,City,New York,-61
14-Mar,City,New York,-64
15-Mar,City,New York,-69
16-Mar,City,New York,-77
17-Mar,City,New York,-100
18-Mar,City,New York,-100
19-Mar,City,New York,-100
20-Mar,City,New York,-100
21-Mar,City,New York,-100
22-Mar,City,New York,-100
23-Mar,City,New York,-100
24-Mar,City,New York,-100
25-Mar,City,New York,-100
26-Mar,City,New York,-100
27-Mar,City,New York,-100
28-Mar,City,New York,-100
29-Mar,City,New York,-100
30-Mar,City,New York,-100
31-Mar,City,New York,-100
1-Apr,City,New York,-100
2-Apr,City,New York,-100
3-Apr,City,New York,-100
4-Apr,City,New York,-100
5-Apr,City,New York,-100
6-Apr,City,New York,-100
7-Apr,City,New York,-100
8-Apr,City,New York,-100
9-Apr,City,New York,-100
10-Apr,City,New York,-100
11-Apr,City,New York,-100
12-Apr,City,New York,-100
13-Apr,City,New York,-100