﻿Date,City,Mobility Rate
3/2/20,Los Angeles,1.07
3/3/20,Los Angeles,1.1
3/4/20,Los Angeles,1.08
3/5/20,Los Angeles,1.04
3/6/20,Los Angeles,1
3/7/20,Los Angeles,0.96
3/8/20,Los Angeles,0.98
3/9/20,Los Angeles,1.03
3/10/20,Los Angeles,0.92
3/11/20,Los Angeles,0.81
3/12/20,Los Angeles,0.71
3/13/20,Los Angeles,0.56
3/14/20,Los Angeles,0.5
3/15/20,Los Angeles,0.44
3/16/20,Los Angeles,0.39
3/17/20,Los Angeles,0.27
3/18/20,Los Angeles,0.23
3/19/20,Los Angeles,0.2
3/20/20,Los Angeles,0.19
3/21/20,Los Angeles,0.15
3/22/20,Los Angeles,0.13
3/23/20,Los Angeles,0.16
3/24/20,Los Angeles,0.12
3/25/20,Los Angeles,0.13
3/26/20,Los Angeles,0.12
3/27/20,Los Angeles,0.11
3/28/20,Los Angeles,0.1
3/29/20,Los Angeles,0.11
3/30/20,Los Angeles,0.12
3/31/20,Los Angeles,0.11
4/1/20,Los Angeles,0.11
4/2/20,Los Angeles,0.11
4/3/20,Los Angeles,0.1
4/4/20,Los Angeles,0.09
4/5/20,Los Angeles,0.1
4/6/20,Los Angeles,0.1
4/7/20,Los Angeles,0.08
4/8/20,Los Angeles,0.08
4/9/20,Los Angeles,0.07
4/10/20,Los Angeles,0.07
4/11/20,Los Angeles,0.08
3/2/20,San Francisco,1
3/3/20,San Francisco,1
3/4/20,San Francisco,0.96
3/5/20,San Francisco,0.95
3/6/20,San Francisco,0.93
3/7/20,San Francisco,0.85
3/8/20,San Francisco,0.88
3/9/20,San Francisco,0.83
3/10/20,San Francisco,0.74
3/11/20,San Francisco,0.65
3/12/20,San Francisco,0.58
3/13/20,San Francisco,0.49
3/14/20,San Francisco,0.4
3/15/20,San Francisco,0.38
3/16/20,San Francisco,0.33
3/17/20,San Francisco,0.14
3/18/20,San Francisco,0.09
3/19/20,San Francisco,0.09
3/20/20,San Francisco,0.09
3/21/20,San Francisco,0.09
3/22/20,San Francisco,0.09
3/23/20,San Francisco,0.08
3/24/20,San Francisco,0.06
3/25/20,San Francisco,0.06
3/26/20,San Francisco,0.06
3/27/20,San Francisco,0.06
3/28/20,San Francisco,0.06
3/29/20,San Francisco,0.07
3/30/20,San Francisco,0.08
3/31/20,San Francisco,0.06
4/1/20,San Francisco,0.05
4/2/20,San Francisco,0.05
4/3/20,San Francisco,0.06
4/4/20,San Francisco,0.06
4/5/20,San Francisco,0.06
4/6/20,San Francisco,0.06
4/7/20,San Francisco,0.05
4/8/20,San Francisco,0.04
4/9/20,San Francisco,0.05
4/10/20,San Francisco,0.05
4/11/20,San Francisco,0.05
3/2/20,New York City,1
3/3/20,New York City,1.02
3/4/20,New York City,1.04
3/5/20,New York City,1.02
3/6/20,New York City,1.03
3/7/20,New York City,1.03
3/8/20,New York City,1.01
3/9/20,New York City,0.97
3/10/20,New York City,0.9
3/11/20,New York City,0.85
3/12/20,New York City,0.7
3/13/20,New York City,0.54
3/14/20,New York City,0.47
3/15/20,New York City,0.36
3/16/20,New York City,0.3
3/17/20,New York City,0.2
3/18/20,New York City,0.17
3/19/20,New York City,0.13
3/20/20,New York City,0.12
3/21/20,New York City,0.1
3/22/20,New York City,0.08
3/23/20,New York City,0.08
3/24/20,New York City,0.08
3/25/20,New York City,0.07
3/26/20,New York City,0.08
3/27/20,New York City,0.07
3/28/20,New York City,0.06
3/29/20,New York City,0.05
3/30/20,New York City,0.08
3/31/20,New York City,0.07
4/1/20,New York City,0.07
4/2/20,New York City,0.06
4/3/20,New York City,0.06
4/4/20,New York City,0.06
4/5/20,New York City,0.05
4/6/20,New York City,0.07
4/7/20,New York City,0.06
4/8/20,New York City,0.06
4/9/20,New York City,0.05
4/10/20,New York City,0.05
4/11/20,New York City,0.05